event_name,state,event_url,start_datetime,end_datetime,duration,summary,timezone,location,timing_status,existing_calendar_status,existing_uid,source_url,checked_on,notes
NSW - Eye Candy Game Jam: Theme Launch Night,nsw,https://events.humanitix.com/eye-candy-game-jam-launch-night,2026-10-02T18:00:00+10:00,2026-10-02T22:00:00+10:00,PT4H,Game-jam theme launch with talks and workshops on visual polish for game makers.,Australia/Sydney,"UNSW CBD Campus, Room 401, level 4/210 George St, Sydney NSW 2000, Australia",published,already_listed,6uco5ni8cna2os8ihen9f68744@google.com,https://sydneygamesfestival.org/program/#program-before,2026-09-29,Launch night only; no long-running jam block. Location address also appears in the supplied export.
VIC - High Score 2026 (Day 1),vic,https://gamesweek.melbourne/events/industry-events/high-score,2026-10-03T09:00:00+10:00,2026-10-03T17:00:00+10:00,PT8H,"Game-audio conference covering composition, sound design, production techniques, and industry practice.",Australia/Melbourne,"ACMI, Cinema 1 and other spaces, Fed Square, Melbourne VIC, Australia",published,not_in_export,,https://gamesweek.melbourne/events/industry-events/high-score,2026-09-29,Daily attendance window published by MIGW; recheck the detailed conference timetable before ICS generation.
VIC - EMERGENT 2026,vic,https://gamesweek.melbourne/events/industry-events/emergent-2026,2026-10-03T10:00:00+10:00,2026-10-03T17:00:00+10:00,PT7H,"Emerging developers share practical experience through talks, panels, and roundtables.",Australia/Melbourne,"South Melbourne Community Centre, 1 Ferrars Pl, South Melbourne VIC, Australia",published,not_in_export,,https://gamesweek.melbourne/events/industry-events/emergent-2026,2026-09-29,Use the Where field; the unrelated Narre Warren label on the festival page does not identify the venue.
VIC - High Score 2026 (Day 2),vic,https://gamesweek.melbourne/events/industry-events/high-score,2026-10-04T09:00:00+11:00,2026-10-04T17:00:00+11:00,PT8H,"Game-audio conference covering composition, sound design, production techniques, and industry practice.",Australia/Melbourne,"ACMI, Cinema 1 and other spaces, Fed Square, Melbourne VIC, Australia",published,not_in_export,,https://gamesweek.melbourne/events/industry-events/high-score,2026-09-29,Daily attendance window published by MIGW; recheck the detailed conference timetable before ICS generation.
VIC - Taking Up Space Conference,vic,https://gamesweek.melbourne/events/industry-events/taking-up-space-conference,2026-10-04T13:00:00+11:00,2026-10-04T17:00:00+11:00,PT4H,"Game-industry talks and panels on teams, creative practice, and underrepresented perspectives.",Australia/Melbourne,"ACMI, Swinburne space, Fed Square, Melbourne VIC, Australia",published,not_in_export,,https://gamesweek.melbourne/events/industry-events/taking-up-space-conference,2026-09-29,Conference open to everyone; the evening networking event has separate eligibility.
VIC - Taking Up Space Networking Event,vic,https://gamesweek.melbourne/events/industry-events/taking-up-space,2026-10-04T17:00:00+11:00,2026-10-04T19:00:00+11:00,PT2H,Catered networking for women and gender-diverse developers following the conference.,Australia/Melbourne,"ACMI, Swinburne space, Fed Square, Melbourne VIC, Australia",published,not_in_export,,https://gamesweek.melbourne/events/industry-events/taking-up-space,2026-09-29,For women and gender-diverse game developers only; registration required.
VIC - Games Connect Asia Pacific (GCAP) 2026 (Day 1),vic,https://gamesweek.melbourne/events/industry-events/gcap,2026-10-05T08:00:00+11:00,2026-10-05T17:00:00+11:00,PT9H,"Professional game-development conference with technical learning, industry discussions, and networking.",Australia/Melbourne,"Melbourne Convention and Exhibition Centre, Plenary and Level 1, Melbourne VIC, Australia",published,not_in_export,,https://gamesweek.melbourne/events/industry-events/gcap,2026-09-29,Daily attendance window published by MIGW; recheck individual-day timetable. AGDAs has a separate overlapping entry on 7 October.
VIC - MIGW Women in Games Welcome,vic,https://gamesweek.melbourne/events/industry-events/migw-women-in-games-welcome,2026-10-05T18:00:00+11:00,2026-10-05T22:00:00+11:00,PT4H,"Welcome gathering connecting women across game development, creative disciplines, research, and study.",Australia/Melbourne,"Yarra Botanica, Southbank Promenade, Melbourne VIC, Australia",published,not_in_export,,https://gamesweek.melbourne/events/industry-events/migw-women-in-games-welcome,2026-09-29,18+; welcomes people who self-identify as women. Email organiser for an invitation.
VIC - Games Connect Asia Pacific (GCAP) 2026 (Day 2),vic,https://gamesweek.melbourne/events/industry-events/gcap,2026-10-06T08:00:00+11:00,2026-10-06T17:00:00+11:00,PT9H,"Professional game-development conference with technical learning, industry discussions, and networking.",Australia/Melbourne,"Melbourne Convention and Exhibition Centre, Plenary and Level 1, Melbourne VIC, Australia",published,not_in_export,,https://gamesweek.melbourne/events/industry-events/gcap,2026-09-29,Daily attendance window published by MIGW; recheck individual-day timetable. AGDAs has a separate overlapping entry on 7 October.
VIC - Xsolla Breakfast Meetup 2026,vic,https://events.xsolla.com/xsollabreakfastmeetupinmelbourne,2026-10-06T08:30:00+11:00,2026-10-06T10:00:00+11:00,PT1H30M,"Small industry breakfast for studio teams, partners, business conversations, and networking.",Australia/Melbourne,"The Boatbuilders Yard, 23 South Wharf Promenade, South Wharf VIC 3006, Australia",published_with_conflict,not_in_export,,https://events.xsolla.com/xsollabreakfastmeetupinmelbourne,2026-09-29,Organiser heading and agenda say 08:30; MIGW detail says 08:45. RSVP requires invitation confirmation. Ignore unrelated old template blocks on organiser page.
VIC - MASS Dev Day 26,vic,https://gamesweek.melbourne/events/industry-events/mass-dev-day,2026-10-06T11:00:00+11:00,2026-10-06T18:00:00+11:00,PT7H,Developers and industry specialists discuss the creative and practical work of making independent games.,Australia/Melbourne,"MASS, 120 Oxford St, Collingwood VIC 3066, Australia",published,already_listed,69p03543jo258jneprifn7sgu9@google.com,https://gamesweek.melbourne/events/industry-events/mass-dev-day,2026-09-29,
VIC - Interactive Narrative Social,vic,https://gamesweek.melbourne/events/dlc/interactive-narrative-social-collingwood,2026-10-06T19:00:00+11:00,2026-10-06T22:00:00+11:00,PT3H,"Conversation and networking for games writers, narrative designers, and interactive storytellers.",Australia/Melbourne,"Trainscendence, Rolling Stock Lane, Unit 6/48 Easey St, Collingwood VIC, Australia",published,not_in_export,,https://gamesweek.melbourne/events/dlc/interactive-narrative-social-collingwood,2026-09-29,Australian Writers Guild membership is not required.
VIC - Games Connect Asia Pacific (GCAP) 2026 (Day 3),vic,https://gamesweek.melbourne/events/industry-events/gcap,2026-10-07T08:00:00+11:00,2026-10-07T17:00:00+11:00,PT9H,"Professional game-development conference with technical learning, industry discussions, and networking.",Australia/Melbourne,"Melbourne Convention and Exhibition Centre, Plenary and Level 1, Melbourne VIC, Australia",published,not_in_export,,https://gamesweek.melbourne/events/industry-events/gcap,2026-09-29,Daily attendance window published by MIGW; recheck individual-day timetable. AGDAs has a separate overlapping entry on 7 October.
VIC - Build 3D Worlds with Low Poly Art,vic,https://gamesweek.melbourne/events/dlc/build-3d-worlds-with-low-poly-art-moorabbin,2026-10-07T09:00:00+11:00,2026-10-07T10:30:00+11:00,PT1H30M,Hands-on introduction to voxel modelling and creating simple 3D assets for games.,Australia/Melbourne,"Holmesglen Institute of TAFE, 488 South Road, Moorabbin VIC, Australia; online livestream option",published,not_in_export,,https://gamesweek.melbourne/events/dlc/build-3d-worlds-with-low-poly-art-moorabbin,2026-09-29,"Beginner-friendly hands-on workshop, including hybrid livestream participation; registration required. Use Moorabbin venue, not the unrelated Narre Warren page label."
VIC - Games for Change Summit,vic,https://gamesweek.melbourne/events/industry-events/games-for-change-summit,2026-10-07T10:00:00+11:00,2026-10-07T18:00:00+11:00,PT8H,"Talks, panels, and keynotes connect developers with educators and researchers making games for social impact.",Australia/Melbourne,"ACMI, Cinema 2, Fed Square, Melbourne VIC, Australia",published,not_in_export,,https://gamesweek.melbourne/events/industry-events/games-for-change-summit,2026-09-29,
VIC - Make Your First Indie Game,vic,https://gamesweek.melbourne/events/dlc/make-your-first-indie-game-moorabbin,2026-10-07T10:30:00+11:00,2026-10-07T12:00:00+11:00,PT1H30M,"Beginner workshop on scenes, interactions, mechanics, and building a playable game prototype.",Australia/Melbourne,"Holmesglen Institute of TAFE, 488 South Road, Moorabbin VIC, Australia; online livestream option",published,not_in_export,,https://gamesweek.melbourne/events/dlc/make-your-first-indie-game-moorabbin,2026-09-29,"Beginner-friendly hands-on workshop, including hybrid livestream participation; registration required. Use Moorabbin venue, not the unrelated Narre Warren page label."
VIC - Create 3D Art for Games,vic,https://gamesweek.melbourne/events/dlc/create-3d-art-for-games-moorabbin,2026-10-07T12:30:00+11:00,2026-10-07T14:00:00+11:00,PT1H30M,"Hands-on introduction to modelling, sculpting, and making 3D game assets.",Australia/Melbourne,"Holmesglen Institute of TAFE, 488 South Road, Moorabbin VIC, Australia; online livestream option",published,not_in_export,,https://gamesweek.melbourne/events/dlc/create-3d-art-for-games-moorabbin,2026-09-29,"Beginner-friendly hands-on workshop, including hybrid livestream participation; registration required. Use Moorabbin venue, not the unrelated Narre Warren page label."
VIC - Design Your Own Game Levels,vic,https://gamesweek.melbourne/events/dlc/design-your-own-game-levels-moorabbin,2026-10-07T14:00:00+11:00,2026-10-07T15:30:00+11:00,PT1H30M,"Practical level-design workshop exploring layout, player movement, scale, and environmental storytelling.",Australia/Melbourne,"Holmesglen Institute of TAFE, 488 South Road, Moorabbin VIC, Australia; online livestream option",published,not_in_export,,https://gamesweek.melbourne/events/dlc/design-your-own-game-levels-moorabbin,2026-09-29,"Beginner-friendly hands-on workshop, including hybrid livestream participation; registration required. Use Moorabbin venue, not the unrelated Narre Warren page label."
VIC - Australian Game Developer Awards 2026,vic,https://gamesweek.melbourne/events/industry-events/australian-game-developer-awards,2026-10-07T15:00:00+11:00,2026-10-07T18:00:00+11:00,PT3H,"Australian industry awards recognising achievements by game creators, studios, and individuals.",Australia/Melbourne,"Melbourne Convention and Exhibition Centre, Plenary and Level 1, Melbourne VIC, Australia",published,not_in_export,,https://gamesweek.melbourne/events/industry-events/australian-game-developer-awards,2026-09-29,18+; tickets required. Overlaps the final GCAP day. The exported submission deadline is a different event.
VIC - The Design of DREDGE: Screening and Q&A,vic,https://gamesweek.melbourne/events/industry-events/the-design-of-dredge-screening-q-and-a,2026-10-07T18:00:00+11:00,2026-10-07T20:00:00+11:00,PT2H,Making-of documentary and developer Q&A exploring the design and development of DREDGE.,Australia/Melbourne,"ACMI, Cinema 2, Fed Square, Melbourne VIC, Australia",published,not_in_export,,https://gamesweek.melbourne/events/industry-events/the-design-of-dredge-screening-q-and-a,2026-09-29,
VIC - MASS Launch Party,vic,https://events.humanitix.com/mass-launch-party,2026-10-07T19:00:00+11:00,2026-10-07T23:00:00+11:00,PT4H,Industry gathering celebrating the launch of a co-working space for independent game developers.,Australia/Melbourne,"MASS, 120 Oxford St, Collingwood VIC 3066, Australia",published_with_conflict,not_in_export,,https://events.humanitix.com/mass-launch-party,2026-09-29,Industry-only. Organiser ticket page ends 23:00; MIGW metadata says 23:30 and body says Late.
VIC - Play Now Melbourne 2026,vic,https://gamesweek.melbourne/events/industry-events/play-now2,,,,"Business market where selected developers pitch games to publishers, investors, and platform holders.",Australia/Melbourne,,date_only,not_in_export,,https://gamesweek.melbourne/events/industry-events/play-now2,2026-09-29,Confirmed date 8 October 2026; actual hours and venue not published on reviewed listing. Ignore default 00:00 header. Invitation-only; submissions closed.
VIC - New Zealand Game Developers Breakfast,vic,https://gamesweek.melbourne/events/industry-events/new-zealand-game-developers-breakfast,2026-10-08T08:00:00+11:00,2026-10-08T10:00:00+11:00,PT2H,Networking breakfast connecting attendees with New Zealand developers and potential collaborators.,Australia/Melbourne,"Cargo Hall, Melbourne VIC, Australia",published,not_in_export,,https://gamesweek.melbourne/events/industry-events/new-zealand-game-developers-breakfast,2026-09-29,Invitation-only; email organiser to request an invitation.
VIC - Careers + Frontiers: Education Symposium,vic,https://gamesweek.melbourne/events/industry-events/careers-frontiers-education-symposium,2026-10-08T09:30:00+11:00,2026-10-08T15:00:00+11:00,PT5H30M,Industry talks and developer networking for students and educators exploring games careers.,Australia/Melbourne,"ACMI, Cinema 1, Fed Square, Melbourne VIC, Australia",published,not_in_export,,https://gamesweek.melbourne/events/industry-events/careers-frontiers-education-symposium,2026-09-29,
VIC - TGDA Presents: DevCon 2026,vic,https://events.humanitix.com/tgda-devcon-2026,2026-10-08T16:30:00+11:00,2026-10-08T22:30:00+11:00,PT6H,"Tabletop developer talks, panels, prototype playtesting, and networking with designers and publishers.",Australia/Melbourne,"The Mission to Seafarers Victoria, 717 Flinders St, Docklands VIC, Australia",published_with_conflict,not_in_export,,https://events.humanitix.com/tgda-devcon-2026,2026-09-29,"Organiser ends 22:30; MIGW ends 22:00. Include creator playtesting, not a casual board-game night. Earlier informal meetup lacks sufficient venue details."
VIC - Parallels 2026,vic,https://gamesweek.melbourne/events/industry-events/freeplays-parallels,2026-10-08T19:00:00+11:00,2026-10-08T22:30:00+11:00,PT3H30M,Independent creators present their games and discuss the creative decisions behind them.,Australia/Melbourne,"The Capitol, 113 Swanston St, Melbourne VIC 3000, Australia",published_with_conflict,existing_time_differs,72kitjpcbe2l6rt1kjc3m5q6dc@google.com,https://gamesweek.melbourne/events/industry-events/freeplays-parallels,2026-09-29,Doors 19:00; show 20:00. Festival and organiser running orders end 22:30; ticket header and export end 23:00. Separate afterparty starts 22:30. Review rather than duplicate.
VIC - IGDA Foundation: Resume Review and Mixer,vic,https://gamesweek.melbourne/events/industry-events/igda-foundation-resume-review-and-mixer,2026-10-09T11:00:00+11:00,2026-10-09T14:00:00+11:00,PT3H,Industry networking and one-to-one portfolio or resume feedback for game-development careers.,Australia/Melbourne,"MASS, 120 Oxford St, Collingwood VIC 3066, Australia",published,not_in_export,,https://gamesweek.melbourne/events/industry-events/igda-foundation-resume-review-and-mixer,2026-09-29,Register for expert review sessions; one-to-one reviews are 15 minutes within the event window.
VIC - Technically Games Lightning Talks,vic,https://gamesweek.melbourne/events/industry-events/technically-games-lightning-talks,2026-10-10T17:30:00+11:00,2026-10-10T22:00:00+11:00,PT4H30M,"Technical game-development talks and networking covering programming, art, audio, security, and production craft.",Australia/Melbourne,"Port Melbourne Town Hall, 333 Bay St, Port Melbourne VIC 3207, Australia",published,existing_time_differs,3jdfcmlm5tkh6gq4sj9ui635j9@google.com,https://gamesweek.melbourne/events/industry-events/technically-games-lightning-talks,2026-09-29,Exported VIC - Technically Games ends 21:30; current MIGW listing ends 22:00. Review the existing entry.
VIC - Megadev 2026,vic,https://eventhost.au/-/megadev-2026/about,2026-10-11T18:00:00+11:00,2026-10-12T00:00:00+11:00,PT6H,IGDA Melbourne wrap party for game-industry peers to reconnect and finish Games Week.,Australia/Melbourne,"Moon Dog Doglands, Melbourne VIC, Australia",published,not_in_export,,https://eventhost.au/-/megadev-2026/about,2026-09-29,"18+; tickets required. Organiser explicitly confirms midnight, resolving the festival body text Late."
NSW - Waypoint Constellations,nsw,https://www.sydneyoperahouse.com/experiences/waypoint-constellations,2026-10-13T17:00:00+11:00,2026-10-13T23:00:00+11:00,PT6H,Sydney developers share creative journeys alongside playable local games and community networking.,Australia/Sydney,"Sydney Opera House, Bennelong Point, Sydney NSW 2000, Australia",published,already_listed,7r16inotthob2bbrurc83bcmgk@google.com,https://sydneygamesfestival.org/program/#program-2026-10-13,2026-09-29,
NSW - Beer and Pixels: Sydney Games Festival,nsw,https://www.meetup.com/igda-sydney/events/316524255/,2026-10-13T18:30:00+11:00,2026-10-13T22:30:00+11:00,PT4H,IGDA Sydney developer meetup where creators can bring prototypes for playtesting and meet peers.,Australia/Sydney,"Off Broadway Hotel, Sydney NSW, Australia",published,recurrence_excluded,37itt7uc7pngv6m18v11qr6hgi@google.com,https://sydneygamesfestival.org/program/#program-2026-10-13,2026-09-29,Existing monthly series has EXDATE 20261013T080000Z. Festival occurrence is not covered by that series in the export; check current calendar before adding.
NSW - Playmakers Arcade: Sydney Games Festival Edition,nsw,https://www.activateuts.com.au/events/sydney-games-festival-playmakers-arcade/,2026-10-14T17:00:00+11:00,2026-10-14T21:00:00+11:00,PT4H,"Bring digital or tabletop projects to showcase, playtest, and meet local game makers.",Australia/Sydney,"UTS Startups Event Space, Sydney NSW, Australia",published,related_series_review,5nokaa8g68b19j1f8lvgri2lpr@google.com,https://sydneygamesfestival.org/program/#program-2026-10-14,2026-09-29,"Free ticket required. Export has festival-named monthly first-Wednesday series beginning May, placing October occurrence on 7 October. Reviewed program says 14 October; resolve series before import."
NSW - Avant Harde Drive: Creative Tech Meetup,nsw,https://events.humanitix.com/avant-harde-drive-creative-tech-meetup-sydney-games-festival,2026-10-14T18:30:00+11:00,2026-10-14T21:30:00+11:00,PT3H,"Creative-technology talks and networking exploring games, immersive work, art, and live performance.",Australia/Sydney,"Knox Street Bar, Garage 11 Knox Street, Chippendale NSW 2008, Australia",published,not_in_export,,https://events.humanitix.com/avant-harde-drive-creative-tech-meetup-sydney-games-festival,2026-09-29,"Free, limited-capacity registration. April 2026 event in export is a different occurrence."
NSW - Every Game Talk Possible 2026,nsw,https://events.humanitix.com/egtp-2026,2026-10-16T12:00:00+11:00,2026-10-16T20:00:00+11:00,PT8H,"Talks and networking across digital development, tabletop creation, games research, and education.",Australia/Sydney,"UNSW CBD Campus, level 4/210 George St, Sydney NSW 2000, Australia",published_with_conflict,already_listed,41guv1734vcr8ovqebfukrn51t@google.com,https://events.humanitix.com/egtp-2026,2026-09-29,"Organiser ticket header and stream timetable end 20:00, matching export. Sydney festival schedule ends 19:30. Retain organiser time pending review."
NSW - Making Waves Game Audio Festival,nsw,https://events.humanitix.com/making-waves-game-audio-festival,2026-10-18T13:00:00+11:00,2026-10-18T18:00:00+11:00,PT5H,"Game-audio creator commentary, playable local games, short workshops, talks, and networking.",Australia/Sydney,"Forbes Street Studios, 150 William St, Woolloomooloo NSW 2011, Australia",published,already_listed,1mnqhc79omoskfdef1b7pvjfv0@google.com,https://sydneygamesfestival.org/program/#program-2026-10-18,2026-09-29,
